{
  "project_info": {
    "project_number": "791526439454",
    "project_id": "recyler-1a035",
    "storage_bucket": "recyler-1a035.appspot.com"
  },
  "client": [
    {
      "client_info": {
        "mobilesdk_app_id": "1:791526439454:android:eb54f946c53f08cfb14c0f",
        "android_client_info": {
          "package_name": "com.example.recyler"
        }
      },
      "oauth_client": [
        {
          "client_id": "791526439454-u2k0luteo3gnita7sndobfdduc1bmqbl.apps.googleusercontent.com",
          "client_type": 3
        }
      ],
      "api_key": [
        {
          "current_key": "AIzaSyB8HynZdEasa2fHXccmzuwnXe59rTL9t0g"
        }
      ],
      "services": {
        "appinvite_service": {
          "other_platform_oauth_client": [
            {
              "client_id": "791526439454-u2k0luteo3gnita7sndobfdduc1bmqbl.apps.googleusercontent.com",
              "client_type": 3
            }
          ]
        }
      }
    }
  ],
  "configuration_version": "1"
}